"Name","FileName","Volume","Loop","PlayCount","FadeOutTimeSec","DurationSec"
"String","String","int","boolean","int","int","int"
"Home","music/afternoon_stroll.ogg",40,"FALSE",1,,
,"music/chickens_run_amok.ogg",40,"FALSE",1,,
,"music/country_morning.ogg",40,"FALSE",1,,
,"music/dreams_of_the_sea.ogg",40,"FALSE",1,,
,"music/dreamwalking.ogg",40,"FALSE",1,,
,"music/follow_the_sound.ogg",40,"FALSE",1,,
,"music/forager.ogg",40,"FALSE",1,,
,"music/forest_road.ogg",40,"FALSE",1,,
,"music/in_the_morning_sun.ogg",40,"FALSE",1,,
,"music/library.ogg",40,"FALSE",1,,
,"music/meditation_lane.ogg",40,"FALSE",1,,
,"music/misty_morning_dew.ogg",40,"FALSE",1,,
,"music/new_home.ogg",40,"FALSE",1,,
,"music/old_path_new_shoes.ogg",40,"FALSE",1,,
,"music/party_in_the_forest.ogg",40,"FALSE",1,,
,"music/vv_01.ogg",40,"FALSE",1,,
,"music/vv_02.ogg",40,"FALSE",1,,
,"music/vv_03.ogg",40,"FALSE",1,,
,"music/vv_04.ogg",40,"FALSE",1,,
,"music/vv_05.ogg",40,"FALSE",1,,
,"music/vv_06.ogg",40,"FALSE",1,,
,"music/whistle_and_walk.ogg",40,"FALSE",1,,
