"Male",
,"Adam"
,"Agustin"
,"Alan"
,"Albert"
,"Andy"
,"Angus"
,"Brad"
,"Claudio"
,"Cornell"
,"David"
,"Dean"
,"Devon"
,"Diego"
,"Dylan"
,"Elijah"
,"Elmo"
,"Enzo"
,"Erik"
,"Ethan"
,"Fernando"
,"Foster"
,"Fredrick"
,"Gabriel"
,"George"
,"Gerard"
,"Gerardo"
,"Ian"
,"Jack"
,"Jim"
,"Joan"
,"John"
,"Joshua"
,"Juan"
,"Jules"
,"Kirby"
,"Lane"
,"Lawrence"
,"Lester"
,"Lewis"
,"Liam"
,"Lino"
,"Lyndon"
,"Manuel"
,"Mike"
,"Nickolas"
,"Noah"
,"Oliver"
,"Omar"
,"Pierre"
,"Royal"
,"Rupert"
,"Samuel"
,"Santiago"
,"Shad"
,"Stan"
,"Thomas"
,"Tuan"
,"Tyrone"
,"Wesley"
,"William"
"Female",
,"Carolina"
,"Adelaide"
,"Alison"
,"Alona"
,"Annett"
,"Athena"
,"Betsy"
,"Camila"
,"Caron"
,"Chae"
,"Charlesetta"
,"Christi"
,"Ciara"
,"Cristal"
,"Dagmar"
,"Darline"
,"Elena"
,"Emma"
,"Felica"
,"Gabrielle"
,"Helena"
,"Izetta"
,"Janessa"
,"Jayna"
,"Jennell"
,"Jesica"
,"Josefa"
,"Juliane"
,"Kaitlyn"
,"Kelsey"
,"Kirsten"
,"Klara"
,"Lavette"
,"Leola"
,"Letisha"
,"Lissa"
,"Ludie"
,"Margert"
,"Maria"
,"Marilee"
,"Mary"
,"Mertie"
,"Nakita"
,"Noella"
,"Noriko"
,"Olivia"
,"Paula"
,"Pura"
,"Ramonita"
,"Rebbeca"
,"Rosalie"
,"Roseann"
,"Salina"
,"Shaniqua"
,"Sharla"
,"Sharri"
,"Shirlene"
,"Sibyl"
,"Sofia"
,"Tisha"
,"Vernetta"
,"Zoe"
"Family",
,"Aderholt"
,"Aguinaldo"
,"Antoine"
,"Ashalintubbi"
,"Authement"
,"Baltimore"
,"Beecham"
,"Bibeau"
,"Bloyd"
,"Bohon"
,"Bonnell"
,"Borst"
,"Borth"
,"Boulton"
,"Boxer"
,"Boze"
,"Brasil"
,"Buchheit"
,"Buelow"
,"Burgan"
,"Buskey"
,"Carlino"
,"Carroway"
,"Christmas"
,"Comeaux"
,"Cortez"
,"Crudup"
,"Cuesta"
,"Dacus"
,"Dapolito"
,"Darnell"
,"Defrank"
,"Dejarnette"
,"Dishon"
,"Dowdell"
,"Dublin"
,"Dunnam"
,"Dyke"
,"Dynes"
,"Eadie"
,"Eberhart"
,"Efird"
,"Esquibel"
,"Fales"
,"Felton"
,"Flowers"
,"Foshee"
,"French"
,"Fulbright"
,"Furry"
,"Gallegos"
,"Gartland"
,"Gass"
,"Gillikin"
,"Gleason"
,"Gonzalas"
,"Goods"
,"Groom"
,"Groseclose"
,"Guercio"
,"Haider"
,"Halfacre"
,"Hancock"
,"Hardage"
,"Hausner"
,"Helle"
,"Hibbler"
,"Hickerson"
,"Higuera"
,"Hiler"
,"Hinnant"
,"Hoff"
,"Husband"
,"Jefferys"
,"Jenner"
,"Jinkins"
,"Kirton"
,"Klawitter"
,"Kleiber"
,"Klima"
,"Knaub"
,"Knick"
,"Kumm"
,"Laclair"
,"Landin"
,"Lando"
,"Losey"
,"Loveland"
,"Luick"
,"Lundahl"
,"Lundblad"
,"Lyden"
,"Marte"
,"Martins"
,"Martone"
,"Mathison"
,"Mehta"
,"Melby"
,"Mencer"
,"Mendel"
,"Merriweather"
,"Minear"
,"Mister"
,"Nitta"
,"Noland"
,"Ogles"
,"Orosco"
,"Pacelli"
,"Pietsch"
,"Pilon"
,"Porch"
,"Raso"
,"Reddin"
,"Riebe"
,"Rosol"
,"Schiefelbein"
,"Schwabe"
,"Shadrick"
,"Shattles"
,"Shay"
,"Shearer"
,"Sickels"
,"Skalski"
,"Sloan"
,"Sobczak"
,"Sorenson"
,"Sosa"
,"Spitler"
,"Spoon"
,"Sprowl"
,"Stoudt"
,"Sturman"
,"Taub"
,"Tenaglia"
,"Thorson"
,"Tran"
,"Vanallen"
,"Vanfossen"
,"Vreeland"
,"Waag"
,"Westfield"
,"Willert"
,"Willis"
,"Wimberley"
,"Witt"
,"Wooten"
,"Yamauchi"
,"Youngs"
,"Zerby"
